{"cameraMode":{"drawMode":0,"name":"Shaded","section":"Shading Mode"},"sceneLighting":false,"audioPlay":false,"sceneViewState":{"showFog":false,"showMaterialUpdate":false,"showSkybox":false,"showFlares":false,"showImageEffects":false,"showParticleSystems":false},"in2DMode":false,"pivot":{"x":0.0,"y":0.024590492248535157,"z":0.48645859956741335},"rotation":{"x":0.3298714756965637,"y":-0.5439267158508301,"z":0.245265394449234,"w":0.7315554618835449},"size":3.6288065910339357,"orthographic":false}